{"cameraMode":{"drawMode":0,"name":"Shaded","section":"Shading Mode"},"sceneLighting":true,"audioPlay":false,"sceneViewState":{"showFog":true,"showMaterialUpdate":false,"showSkybox":true,"showFlares":true,"showImageEffects":true,"showParticleSystems":true},"in2DMode":false,"pivot":{"x":-5.737703800201416,"y":15.094162940979004,"z":-3.861196517944336},"rotation":{"x":-0.02891930378973484,"y":0.8450172543525696,"z":-0.04593902826309204,"w":-0.5320038199424744},"size":6.413173198699951,"orthographic":false}