{"cameraMode":{"drawMode":0,"name":"Shaded","section":"Shading Mode"},"sceneLighting":true,"audioPlay":false,"sceneViewState":{"showFog":true,"showMaterialUpdate":false,"showSkybox":true,"showFlares":true,"showImageEffects":true,"showParticleSystems":true},"in2DMode":false,"pivot":{"x":467.319091796875,"y":151.40078735351563,"z":1153.9215087890625},"rotation":{"x":0.016789132729172708,"y":0.01022682711482048,"z":0.00021264312090352178,"w":-0.9998391270637512},"size":750.0027465820313,"orthographic":false}