{"cameraMode":{"drawMode":0,"name":"Shaded","section":"Shading Mode"},"sceneLighting":true,"audioPlay":false,"sceneViewState":{"showFog":true,"showMaterialUpdate":false,"showSkybox":true,"showFlares":true,"showImageEffects":true,"showParticleSystems":true},"in2DMode":false,"pivot":{"x":-69.6050033569336,"y":5.503333568572998,"z":3.327385902404785},"rotation":{"x":0.0768660232424736,"y":0.9143956899642944,"z":-0.33919593691825869,"w":0.20730368793010713},"size":5.088485240936279,"orthographic":false}