{"cameraMode":{"drawMode":0,"name":"Shaded","section":"Shading Mode"},"sceneLighting":true,"audioPlay":false,"sceneViewState":{"showFog":true,"showMaterialUpdate":false,"showSkybox":true,"showFlares":true,"showImageEffects":true,"showParticleSystems":true},"in2DMode":false,"pivot":{"x":-68.723388671875,"y":-0.9638252258300781,"z":-10.576858520507813},"rotation":{"x":0.0768660232424736,"y":0.9143956899642944,"z":-0.33919593691825869,"w":0.20730368793010713},"size":26.43348503112793,"orthographic":false}